{
  "_generatedByVersion": "1.0.0-alphavaleriob-00395",
  "UpdateGeneratedByVersion": true,
  "HelpersPrefix": "MVC",
  "PageHelpersPrefix": "MVCPages",
  "R4MvcNamespace": "R4Mvc",
  "LinksNamespace": "Links",
  "SplitIntoMultipleFiles": true,
  "SplitViewOnlyPagesIntoMultipleFiles": true,
  "StaticFilesPath": "wwwroot",
  "ExcludedStaticFileExtensions": null,
  "ReferencedNamespaces": null,
  "PragmaCodes": null,
  "GenerateParamsForActionMethods": false,
  "ParamsPropertySuffix": "Params",
  "FeatureFolders": {
    "Enabled": false,
    "FeaturesPath": "Features",
    "StaticFileAccess": false,
    "FeatureOnlyAreas": null
  }
}